domain,company,title,url,crawled_at
9to5mac,,Brazilian officials notify Apple over lack of age controls in betting apps on the App Store,https://9to5mac.com/2026/04/20/brazilian-officials-notify-apple-over-lack-of-age-controls-in-betting-apps-on-the-app-store/,2026-04-21 07:09:09
9to5mac,,Tim Cook to remain involved in Apple’s government relations around the world,https://9to5mac.com/2026/04/20/tim-cook-to-remain-involved-in-apples-government-relations-around-the-world/,2026-04-21 07:09:09
9to5mac,,‘WhatsApp Plus’ subscription launching soon with new features,https://9to5mac.com/2026/04/20/whatsapp-plus-subscription-launching-soon-with-new-features/,2026-04-21 06:08:54
9to5mac,,Apple CEO transition: Tim Cook and John Ternus share internal memos,https://9to5mac.com/2026/04/20/apple-ceo-transition-tim-cook-and-john-ternus-share-internal-memos/,2026-04-21 06:08:54
9to5mac,,Tim Cook shares open letter of gratitude as he announces Apple CEO transition,https://9to5mac.com/2026/04/20/tim-cook-shares-open-letter-of-gratitude-as-he-announces-apple-ceo-transition/,2026-04-21 05:11:22
9to5mac,,Johny Srouji set to take broader role as Apple’s chief hardware officer,https://9to5mac.com/2026/04/20/johny-srouji-set-to-take-broader-role-as-apples-chief-hardware-officer/,2026-04-21 05:11:22
9to5mac,,"Tim Cook stepping down this year, John Ternus confirmed as next Apple CEO",https://9to5mac.com/2026/04/20/apple-ceo-tim-cook-stepping-down-john-ternus-confirmed-as-new-apple-ceo/,2026-04-21 05:11:22
9to5mac,,"iOS 26’s Wallet app has long-awaited order tracking fix, here’s how to use it",https://9to5mac.com/2026/04/20/ios-26s-wallet-app-has-long-awaited-order-tracking-fix-heres-how-to-use-it/,2026-04-21 04:10:36
9to5mac,,Apple Music suffering second outage in two weeks,https://9to5mac.com/2026/04/20/apple-music-suffering-second-outage-in-two-weeks/,2026-04-21 04:10:36
9to5mac,,"iPadOS 26.5 has convenient upgrade when using Magic Keyboard, more",https://9to5mac.com/2026/04/20/ipados-26-5-has-convenient-upgrade-when-using-magic-keyboard-more/,2026-04-21 03:14:45
9to5mac,,MagSafe Monday: The Scosche MagicMount Flask is the ultimate gym companion,https://9to5mac.com/2026/04/20/magicmount-flask/,2026-04-21 03:14:45
9to5mac,,Codex for Mac gains Chronicle for enhancing context using recent screen content,https://9to5mac.com/2026/04/20/codex-for-mac-gains-chronicle-for-enhancing-context-using-recent-screen-content/,2026-04-21 03:14:45
9to5mac,,Aqara U400 review: HomeKit’s futuristic smart lock has arrived,https://9to5mac.com/2026/04/20/aqara-u400-review-homekits-futuristic-smart-lock-has-arrived/,2026-04-21 01:57:58
9to5mac,,"Apple releases beta 3 for iPadOS 26.5, watchOS 26.5, and more",https://9to5mac.com/2026/04/20/apple-releases-beta-3-for-ipados-26-5-watchos-26-5-and-more/,2026-04-21 01:57:58
9to5mac,,"macOS 26.5 beta 3 now available, here’s what to expect",https://9to5mac.com/2026/04/20/macos-26-5-beta-3-now-available-heres-what-to-expect/,2026-04-21 01:57:58
9to5mac,,Apple releases iOS 26.5 beta 3 for iPhone,https://9to5mac.com/2026/04/20/apple-releases-ios-26-5-beta-3-for-iphone/,2026-04-21 01:57:58
9to5mac,,"9to5Mac Daily: April 20, 2026 – iOS 27 rumors, iPhone colors",https://9to5mac.com/2026/04/20/daily-april-20-2026-ios-27/,2026-04-21 01:57:58
9to5mac,,Apple Sports adds two CarPlay widgets and new F1 features,https://9to5mac.com/2026/04/20/apple-sports-adds-two-carplay-widgets-and-new-f1-features/,2026-04-21 00:40:49
9to5mac,,iOS 26.4.2 could launch soon as next iPhone update,https://9to5mac.com/2026/04/20/ios-26-4-2-could-launch-soon-as-next-iphone-update/,2026-04-21 00:40:49
9to5mac,,"iPhone 18 coming later than usual with new cost-cutting measures, per leaker",https://9to5mac.com/2026/04/20/iphone-18-coming-later-than-usual-with-new-cost-cutting-measures-per-leaker/,2026-04-21 00:40:49
9to5mac,,Apple Vision Pro used to help make next Star Wars movie: The Mandalorian & Grogu,https://9to5mac.com/2026/04/20/apple-vision-pro-used-to-help-make-next-star-wars-movie-the-mandalorian-grogu/,2026-04-21 00:40:49
9to5mac,,"Deals: M5 Pro MacBook Pro $200 off, AirPods 4/Pro 3, M3 iPad Air and AirTag clearance from $14, more",https://9to5mac.com/2026/04/20/deals-m5-pro-macbook-pro-airpods-m3-ipad-air-airtag/,2026-04-21 00:40:49
9to5mac,,ChatGPT and Codex are both currently experiencing outages,https://9to5mac.com/2026/04/20/chatgpt-and-codex-are-both-currently-experiencing-outages/,2026-04-21 00:40:49
9to5mac,,Astronaut’s astounding iPhone 17 Pro Max video shows ‘Earthset’ from space,https://9to5mac.com/2026/04/20/astronauts-astounding-iphone-17-pro-max-video-shows-earthset-from-space/,2026-04-20 23:05:27
9to5mac,,Apple Watch sleep score became more useful for me with these settings,https://9to5mac.com/2026/04/20/apple-watch-sleep-score-became-more-useful-for-me-with-these-settings/,2026-04-20 23:05:27
9to5mac,,The latest Huawei folding phone kind of previews the iPhone Ultra,https://9to5mac.com/2026/04/20/the-latest-huawei-folding-phone-kind-of-previews-the-iphone-ultra/,2026-04-20 23:05:27
9to5mac,,"iOS 27 will drop support for four iPhone models, says leaker",https://9to5mac.com/2026/04/20/ios-27-will-drop-support-for-four-iphone-models-says-leaker/,2026-04-20 23:05:27
9to5mac,,Judge says White House can’t ‘strong-arm’ Apple into blocking ICE trackers,https://9to5mac.com/2026/04/20/judge-says-white-house-cant-strong-arm-apple-into-blocking-ice-trackers/,2026-04-20 21:29:18
9to5mac,,App Store ratings ‘broken’ as your 4-star review could hurt a developer,https://9to5mac.com/2026/04/20/app-store-ratings-broken-as-your-4-star-review-could-hurt-a-developer/,2026-04-20 21:29:18
9to5mac,,Apple says it faces world’s largest antitrust fine as India’s regulator hardens stance,https://9to5mac.com/2026/04/20/apple-says-it-faces-worlds-largest-antitrust-fine-as-indias-regulator-hardens-stance/,2026-04-20 19:52:13
9to5mac,,The demand for local AI could shape a new business model for Apple,https://9to5mac.com/2026/04/19/apple-local-ai-server-hosting-new-business-model/,2026-04-20 03:59:54
9to5mac,,iOS 27 could make it much easier to switch up your home screen layout: report,https://9to5mac.com/2026/04/19/ios-27-new-customization-feature-on-home-screen/,2026-04-20 01:05:54
9to5mac,,Apple has already teased Siri’s new design coming in iOS 27,https://9to5mac.com/2026/04/19/apple-has-already-teased-siris-new-design-coming-in-ios-27/,2026-04-19 23:06:42
9to5mac,,Apple’s major MacBook Pro overhaul is reportedly ‘slightly’ delayed due to supply chain shortages,https://9to5mac.com/2026/04/19/apples-major-macbook-pro-overhaul-is-reportedly-slightly-delayed-due-to-supply-chain-shortages/,2026-04-19 23:06:42
9to5mac,,New Mac Studio may not arrive until October,https://9to5mac.com/2026/04/19/new-mac-studio-may-not-arrive-until-october/,2026-04-19 23:06:42
9to5mac,,Postponed Apple TV series ‘The Savant’ will finally be released this summer,https://9to5mac.com/2026/04/18/postponed-apple-tv-series-the-savant-will-finally-be-released-this-summer/,2026-04-19 14:59:05
9to5mac,,"MacBook Neo has a chip supply problem, here’s how Apple could fix it",https://9to5mac.com/2026/04/18/macbook-neo-has-a-chip-supply-problem-heres-how-apple-could-fix-it/,2026-04-19 06:34:57
9to5mac,,"Here are all of the new Apple products worth waiting for, and what to avoid buying now",https://9to5mac.com/2026/04/18/upcoming-apple-product-launches-worth-waiting-for-later-this-year/,2026-04-19 04:49:08
9to5mac,,Indie App Spotlight: ‘QuakeInfo’ is a fast and easy way to monitor ongoing earthquakes,https://9to5mac.com/2026/04/18/indie-app-spotlight-quakeinfo-is-a-fast-and-easy-way-to-monitor-ongoing-earthquakes/,2026-04-19 03:59:15
9to5mac,,Apple’s upcoming AirPods Pro 3 variant could debut a groundbreaking new feature,https://9to5mac.com/2026/04/18/apple-airpods-pro-3-with-ir-cameras-could-have-new-ai-tech/,2026-04-19 02:02:35
9to5mac,,Security Bite: ClickFix malware authors already bypassing Apple’s new Terminal paste warning,https://9to5mac.com/2026/04/18/security-bite-clickfix-malware-authors-already-bypassing-apples-new-terminal-paste-warnings/,2026-04-19 02:02:35
9to5mac,,These are my favorite ultra-slim MagSafe batteries you can get today [Video],https://9to5mac.com/2026/04/18/these-are-my-favorite-ultra-slim-magsafe-batteries-you-can-get-today-video/,2026-04-18 22:10:09
9to5mac,,How to protect your privacy by opting out of data collection in popular AI apps [Sponsored],https://9to5mac.com/2026/04/18/how-to-protect-your-privacy-by-opting-out-of-data-collection-in-popular-ai-apps-sponsored/,2026-04-18 22:10:09
9to5mac,,"Apple @ Work: Free Apple device management is a baseline, not a finish line",https://9to5mac.com/2026/04/18/apple-work-free-apple-device-management-is-a-baseline-not-a-finish-line/,2026-04-18 22:10:09
9to5mac,,"Top Stories: iOS 27 rumors, Apple Glasses design, more",https://9to5mac.com/2026/04/18/top-stories-ios-27-rumors-apple-glasses-design-more/,2026-04-18 19:34:27
9to5mac,,Apple wins latest round in Masimo fight as ITC closes Apple Watch import ban case,https://9to5mac.com/2026/04/17/apple-wins-latest-round-in-masimo-fight-as-itc-closes-apple-watch-import-ban-case/,2026-04-18 10:23:22
9to5mac,,"BNP Paribas hikes Apple stock target, cites memory shortage opportunity",https://9to5mac.com/2026/04/17/bnp-paribas-hikes-apple-stock-target-cites-memory-shortage-opportunity/,2026-04-18 07:38:57
9to5mac,,Last chance: Win a MacBook Pro and BenQ 4K Nano Gloss Monitor [Giveaway],https://9to5mac.com/2026/04/17/last-chance-win-a-macbook-pro-and-benq-4k-nano-gloss-monitor-giveaway/,2026-04-18 06:38:40
9to5mac,,India drops plan to force Apple to preinstall state owned app on iPhones,https://9to5mac.com/2026/04/17/india-drops-plan-to-force-apple-to-preinstall-state-owned-app-on-iphones/,2026-04-18 05:41:28
9to5mac,,HomeKit Weekly: The Ulticam IQ brings PoE and Gemini AI to a Matter-certified smart camera,https://9to5mac.com/2026/04/17/ulticam-iq/,2026-04-18 05:41:28
9to5mac,,Is Apple discontinuing the cosmic orange iPhone color this year?,https://9to5mac.com/2026/04/17/is-apple-discontinuing-the-cosmic-orange-iphone-color-this-year/,2026-04-18 05:41:28
9to5mac,,Apple to showcase nearly 60 studies and demos at upcoming AI conference,https://9to5mac.com/2026/04/17/apple-to-showcase-nearly-60-studies-and-demos-at-upcoming-ai-conference/,2026-04-18 04:42:56
9to5mac,,"Apple Maps is quickly improving, and iOS 26.5 brings useful new addition",https://9to5mac.com/2026/04/17/apple-maps-is-quickly-improving-and-ios-26-5-brings-useful-new-addition/,2026-04-18 04:42:56
9to5mac,,Apple TV just revealed two new movies coming soon,https://9to5mac.com/2026/04/17/apple-tv-just-revealed-two-new-movies-coming-soon/,2026-04-18 03:37:02
9to5mac,,iPhone 18 Pro release date: Here’s when Apple’s new flagship is coming,https://9to5mac.com/2026/04/17/iphone-18-release-date-when-apples-new-flagship-is-coming/,2026-04-18 01:14:03
9to5mac,,"Deals: New unlocked iPhone Air $150 off, MacBook Air up to $300 off orig. list, 24GB M5 MacBook Pro, iPad $299, more",https://9to5mac.com/2026/04/17/deals-iphone-air-macbook-air-24gb-m5-macbook-pro/,2026-04-18 00:01:03
9to5mac,,iOS 26.4 revamps Apple Account pages inside apps with new design,https://9to5mac.com/2026/04/17/ios-26-4-revamps-apple-account-pages-inside-apps-with-new-design/,2026-04-18 00:01:03
9to5mac,,Anthropic launches Claude Design for Mac following Opus 4.7 model upgrade,https://9to5mac.com/2026/04/17/anthropic-launches-claude-design-for-mac-following-opus-4-7-model-upgrade/,2026-04-18 00:01:03
9to5mac,,"Four new Macs are launching later this year, here’s what’s coming",https://9to5mac.com/2026/04/17/four-new-macs-are-launching-later-this-year-heres-whats-coming/,2026-04-18 00:01:03
9to5mac,,Apple’s CarPlay feature now supports multiple AI chatbot apps from iPhone,https://9to5mac.com/2026/04/17/apples-carplay-feature-now-supports-multiple-ai-chatbot-apps-from-iphone/,2026-04-17 22:40:39
9to5mac,,Aqua Voice – the best dictation app I’ve ever used – is now available on iPhone,https://9to5mac.com/2026/04/17/aqua-voice-the-best-dictation-app-ive-ever-used-is-now-available-on-iphone/,2026-04-17 22:40:39
9to5mac,,iOS 27 rumored to bring new design changes in two key areas,https://9to5mac.com/2026/04/17/ios-27-rumored-to-bring-new-design-changes-in-two-key-areas/,2026-04-17 22:40:39
9to5mac,,"These are the four new iPhone 18 Pro colors, per rumor",https://9to5mac.com/2026/04/17/these-are-the-four-new-iphone-18-pro-colors-per-rumor/,2026-04-17 21:19:10
9to5mac,,"Apple Watch, AirPods, smart home, and health marketing lead announces retirement",https://9to5mac.com/2026/04/17/apple-watch-airpods-smart-home-and-health-marketing-lead-announces-retirement/,2026-04-17 21:19:10
9to5mac,,Your Friends & Neighbors has already confirmed a new star for season 3,https://9to5mac.com/2026/04/16/your-friends-neighbors-has-already-confirmed-a-new-star-for-season-3/,2026-04-17 11:51:12
9to5mac,,Apple announces events and activities ahead of the TCS London Marathon,https://9to5mac.com/2026/04/16/apple-announces-events-and-activities-ahead-of-the-tcs-london-marathon/,2026-04-17 11:51:12
9to5mac,,Apple Music outage makes service unavailable to some users,https://9to5mac.com/2026/04/16/apple-music-outage-makes-service-unavailable-to-some-users/,2026-04-17 08:05:22
9to5mac,,Power bank maker Casely reissues recall following mid-flight explosion and fatal incident,https://9to5mac.com/2026/04/16/power-bank-maker-casely-reissues-recall-following-mid-flight-explosion-and-fatal-incident/,2026-04-17 07:12:26
9to5mac,,iOS 26.2 expanded one of iPhone’s most important safety features,https://9to5mac.com/2026/04/16/apples-overhauled-one-of-its-most-important-safety-features/,2026-04-17 06:06:43
9to5mac,,An iCloud backup helped uncover a $320M crime ring in Brazil,https://9to5mac.com/2026/04/16/an-icloud-backup-helped-uncover-a-320m-crime-ring-in-brazil/,2026-04-17 05:10:34
9to5mac,,Netflix launching redesigned iPhone app with vertical video feed,https://9to5mac.com/2026/04/16/netflix-launching-redesigned-iphone-app-with-vertical-video-feed/,2026-04-17 05:10:34
9to5mac,,Apple TV has two new sci-fi series coming as spinoffs to beloved hits,https://9to5mac.com/2026/04/16/apple-tv-has-two-new-sci-fi-series-coming-as-spinoffs-to-beloved-hits/,2026-04-17 05:10:34
9to5mac,,Bluetti’s FridgePower provides key protection against power outages [Sponsored],https://9to5mac.com/2026/04/16/bluettis-fridgepower-provides-key-protection-against-power-outages-sponsored/,2026-04-17 05:10:34
9to5mac,,Tim Cook boosts Nike investment with fresh $1M share purchase,https://9to5mac.com/2026/04/16/tim-cook-boosts-nike-investment-with-fresh-1m-share-purchase/,2026-04-17 05:10:34
9to5mac,,MacBook Neo sells out for April as demand for Apple’s $599 laptop outpaces supply,https://9to5mac.com/2026/04/16/macbook-neo-sells-out-for-april-as-demand-for-apples-affordable-laptop-outpaces-supply/,2026-04-17 04:10:17
9to5mac,,"Apple Glasses design, iOS 27 features, Creator Studio updates",https://9to5mac.com/2026/04/16/happy-hour-586/,2026-04-17 04:10:17
9to5mac,,Latest Apple Glasses reveal shows Apple truly playing to its strengths,https://9to5mac.com/2026/04/16/latest-apple-glasses-reveal-shows-apple-truly-playing-to-its-strengths/,2026-04-17 03:13:32
9to5mac,,"9to5Mac Daily: April 16, 2026 – iOS 27 leaks, Siri bootcamp",https://9to5mac.com/2026/04/16/daily-april-16-2026/,2026-04-17 03:13:32
9to5mac,,OpenAI’s Codex Mac app adds three key features that go beyond agentic coding,https://9to5mac.com/2026/04/16/openais-codex-app-adds-three-key-features-for-expanding-beyond-agentic-coding/,2026-04-17 01:51:51
9to5mac,,Apple TV’s gripping London thriller returns next week: first reviews here,https://9to5mac.com/2026/04/16/apple-tvs-gripping-london-thriller-returns-next-week-first-reviews-here/,2026-04-17 01:51:51
9to5mac,,"Blackmagic Camera app for iOS updated to version 3.3, headlined by Apple Watch companion",https://9to5mac.com/2026/04/16/blackmagic-camera-app-for-ios-updated-to-version-3-3-headlined-by-apple-watch-companion/,2026-04-17 00:23:36
9to5mac,,Perplexity’s Personal Computer AI assistant feature launches on Mac for subscribers,https://9to5mac.com/2026/04/16/perplexitys-personal-computer-ai-assistant-feature-launches-on-mac-for-subscribers/,2026-04-17 00:23:36
9to5mac,,"Deals: 1TB M5 MacBook Air $150 off, AirPods Max 2 up to $86 off, Apple Pencil Pro, Milanese Loop, more",https://9to5mac.com/2026/04/16/deals-m5-macbook-air-airpods-max-2-apple-pencil-pro/,2026-04-17 00:23:36
9to5mac,,"Reddit’s iOS app is adding Liquid Glass soon, here’s how it looks",https://9to5mac.com/2026/04/16/reddits-ios-app-is-adding-liquid-glass-soon-heres-how-it-looks/,2026-04-17 00:23:36
9to5mac,,Anthropic reveals new Opus 4.7 model with focus on advanced software engineering,https://9to5mac.com/2026/04/16/anthropic-reveals-new-opus-4-7-model-with-focus-on-advanced-software-engineering/,2026-04-17 00:23:36
9to5mac,,"Apple has four new iPhone satellite features rumored, here’s what’s coming",https://9to5mac.com/2026/04/16/apple-has-four-new-iphone-satellite-features-rumored-heres-whats-coming/,2026-04-16 22:56:02
9to5mac,,"iPhone brand loyalty at record high level, with Android users switching",https://9to5mac.com/2026/04/16/iphone-brand-loyalty-at-record-high-level-with-android-users-switching/,2026-04-16 22:56:02
9to5mac,,Apple’s Weather app recently overhauled one of its most important features,https://9to5mac.com/2026/04/16/apples-weather-app-recently-overhauled-one-of-its-most-important-features/,2026-04-16 22:56:02
9to5mac,,Spotify’s latest update is a redesign for iPads with four features,https://9to5mac.com/2026/04/16/spotifys-latest-update-is-a-redesign-for-ipads-with-four-features/,2026-04-16 22:56:02
9to5mac,,"Canva AI 2.0 introduces memory, connectors, and automated workflows",https://9to5mac.com/2026/04/16/canva-ai-2-0-introduces-memory-connectors-and-automated-workflows/,2026-04-16 22:56:02
9to5mac,,"Apple achieves 100% recycled materials in three categories, offers 10% discount",https://9to5mac.com/2026/04/16/apple-achieves-100-recycled-materials-in-three-categories-offers-10-discount/,2026-04-16 22:56:02
9to5mac,,Safety concerns were reported to Apple before pilot killed during Vision Pro filming,https://9to5mac.com/2026/04/16/safety-concerns-were-reported-to-apple-before-pilot-killed-during-vision-pro-filming/,2026-04-16 20:42:42
9to5mac,,"Apple leaks four iOS 27 features, including overdue Wallet upgrade",https://9to5mac.com/2026/04/16/apple-leaks-four-ios-27-features-including-overdue-wallet-upgrade/,2026-04-16 20:42:42
9to5mac,,Manufacturing started for all-new iPhone 18 Pro camera feature,https://9to5mac.com/2026/04/16/manufacturing-started-for-all-new-iphone-18-pro-camera-feature/,2026-04-16 20:42:42
9to5mac,,Opera extends the Browser Connector functionality to Opera One and Opera GX,https://9to5mac.com/2026/04/16/opera-extends-the-browser-connector-functionality-to-opera-one-and-opera-gx/,2026-04-16 17:56:01
9to5mac,,iPhone users no longer able to downgrade to iOS 26.4,https://9to5mac.com/2026/04/15/iphone-users-no-longer-able-to-downgrade-to-ios-26-4/,2026-04-16 10:28:58
9to5mac,,Google One discount takes 50% off YouTube Premium for a year,https://9to5google.com/2026/04/15/google-one-youtube-premium/,2026-04-16 08:06:47
9to5mac,,New report claims App Store search suggestions and ads steered users to ‘nudify’ apps,https://9to5mac.com/2026/04/15/new-report-claims-app-store-search-suggestions-and-ads-steered-users-to-nudify-apps/,2026-04-16 06:10:48
9to5mac,,"Apple to drive OLED notebook growth in 2026 amid smartphone slowdown, per report",https://9to5mac.com/2026/04/15/apple-to-drive-oled-notebook-growth-in-2026-amid-smartphone-slowdown-per-report/,2026-04-16 05:27:11
9to5mac,,Report: Apple to send Siri engineers to multi-week AI coding bootcamp,https://9to5mac.com/2026/04/15/report-apple-to-send-siri-engineers-to-multi-week-ai-coding-bootcamp/,2026-04-16 05:27:11
9to5mac,,iOS 26.4 adds brand new widgets for your iPhone’s Home Screen,https://9to5mac.com/2026/04/15/ios-26-4-adds-brand-new-widgets-for-your-iphones-home-screen/,2026-04-16 04:26:39
9to5mac,,Apple says Jon Prosser has only partially complied with subpoenas in iOS 26 leak case [U],https://9to5mac.com/2026/04/15/apple-says-jon-prosser-has-only-partially-complied-with-subpoenas-in-ios-26-leak-case/,2026-04-16 04:26:39
9to5mac,,Microsoft has a new idea on how to deter students from MacBook Neo,https://9to5mac.com/2026/04/15/microsoft-has-a-new-idea-on-how-to-deter-students-from-macbook-neo/,2026-04-16 04:26:39
9to5mac,,"Video shows how to steal $10,000 from locked iPhone in controlled setting",https://9to5mac.com/2026/04/15/video-shows-how-to-steal-10000-from-locked-iphone-in-controlled-setting/,2026-04-16 04:26:39
9to5mac,,"Apple will launch 15+ new products later this year, here’s what’s coming",https://9to5mac.com/2026/04/15/apple-will-launch-15-new-products-later-this-year-heres-whats-coming/,2026-04-16 03:17:18
9to5mac,,Pluribus season 2 just got an exciting release timing update,https://9to5mac.com/2026/04/15/pluribus-season-2-just-got-an-exciting-release-timing-update/,2026-04-16 03:17:18
9to5mac,,"Fold, Ultra, or something else? What should Apple call the foldable display iPhone?",https://9to5mac.com/2026/04/15/fold-ultra-or-something-else-what-should-apple-call-the-foldable-display-iphone/,2026-04-16 01:39:18
9to5mac,,"Google launches Gemini AI Mac app, here’s what it offers",https://9to5mac.com/2026/04/15/google-launches-gemini-mac-app-heres-what-it-offers/,2026-04-16 01:39:18
9to5mac,,"iOS 26.4 moves App Store updates, here’s how to open them fast",https://9to5mac.com/2026/04/15/ios-26-4-moves-app-store-updates-heres-how-to-open-them-fast/,2026-04-16 01:39:18
9to5mac,,"Deals: Most affordable M5 Pro MacBook Pro $150 off, Apple Watch from $219, black Apple USB cables from $7, more",https://9to5mac.com/2026/04/15/deals-macbook-pro-apple-watch-apple-usb-cables/,2026-04-16 00:04:57
9to5mac,,"Apple TV has three unique crime thrillers premiering soon, here’s what’s coming",https://9to5mac.com/2026/04/15/apple-tv-has-three-unique-crime-thrillers-premiering-soon-heres-whats-coming/,2026-04-16 00:04:57
9to5mac,,"9to5Mac Daily: April 15, 2026 – Amazon and Apple satellite deal, more",https://9to5mac.com/2026/04/15/daily-april-15-2026/,2026-04-16 00:04:57
9to5mac,,Netflix ruined its Apple TV app by switching to a custom video player,https://9to5mac.com/2026/04/15/netflix-ruined-its-apple-tv-app-by-switching-to-a-custom-video-player/,2026-04-16 00:04:57
9to5mac,,iPhone Ultra is coming: Six new features in Apple’s high-end model,https://9to5mac.com/2026/04/15/iphone-ultra-is-coming-six-new-features-in-apples-high-end-model/,2026-04-15 22:54:20
9to5mac,,"Apple execs talk biggest flops, MacBook Neo, more in new interview",https://9to5mac.com/2026/04/15/apple-execs-talk-biggest-flops-macbook-neo-more-in-new-interview/,2026-04-15 22:54:20
9to5mac,,Adobe’s new Firefly AI Assistant will handle multi-step tasks across Creative Cloud apps,https://9to5mac.com/2026/04/15/adobes-new-firefly-ai-assistant-will-handle-multi-step-tasks-across-creative-cloud-apps/,2026-04-15 21:27:03
9to5mac,,Netgear can now sell new wireless routers in the US but nobody knows why,https://9to5mac.com/2026/04/15/netgear-can-now-sell-new-wireless-routers-in-the-us-but-nobody-knows-why/,2026-04-15 21:27:03
9to5mac,,OLED iPad Air reportedly set for launch early next year,https://9to5mac.com/2026/04/15/oled-ipad-air-reportedly-set-for-launch-early-next-year/,2026-04-15 21:27:03
9to5mac,,36M Xfinity customers had their data exposed – here’s how to claim your payout,https://9to5mac.com/2026/04/15/36m-xfinity-customers-had-their-data-exposed-heres-how-to-claim-your-payout/,2026-04-15 19:56:22
9to5mac,,"Smartphone market down and worsening, but Apple’s tactic pays off – IDC",https://9to5mac.com/2026/04/15/smartphone-market-down-and-worsening-but-apples-tactic-pays-off-idc/,2026-04-15 19:56:22
9to5mac,,"YouTube Music rolls out split-view Now Playing redesign on Android, iOS",https://9to5google.com/2026/04/14/youtube-music-split-now-playing-redesign/,2026-04-15 15:08:29
9to5mac,,Developers behind vibe coding app Anything detail next steps after months-long fight with Apple,https://9to5mac.com/2026/04/14/developers-behind-vibe-coding-app-anything-detail-next-steps-after-months-long-fight-with-apple/,2026-04-15 13:07:27
9to5mac,,"Margo’s Got Money Troubles, starring Elle Fanning, premieres on Apple TV",https://9to5mac.com/2026/04/14/margos-got-money-troubles-starring-elle-fanning-premieres-on-apple-tv/,2026-04-15 09:39:14
9to5mac,,Apple reportedly threatened to remove Grok from the App Store over sexualized deepfakes,https://9to5mac.com/2026/04/14/apple-reportedly-threatened-to-remove-grok-from-the-app-store-over-sexualized-deepfakes/,2026-04-15 09:39:14
9to5mac,,"9to5Mac Daily: April 14, 2026 – MacBook Neo competition, more",https://9to5mac.com/2026/04/14/daily-april-14-2026/,2026-04-15 09:39:14
9to5mac,,Apple pulls fake Ledger app and Freecash in rough day for App Store review,https://9to5mac.com/2026/04/14/apple-pulls-fake-ledger-app-and-freecash-in-rough-day-for-app-store-review/,2026-04-15 06:44:44
9to5mac,,Apple says Jon Prosser has only partially complied with subpoenas in iOS 26 leak case,https://9to5mac.com/2026/04/14/apple-says-jon-prosser-has-only-partially-complied-with-subpoenas-in-ios-26-leak-case/,2026-04-15 04:53:44
9to5mac,,"OpenAI unveils GPT‑5.4‑Cyber, an AI model for defensive cybersecurity",https://9to5mac.com/2026/04/14/openai-unveils-gpt-5-4-cyber-an-ai-model-for-defensive-cybersecurity/,2026-04-15 04:53:44
9to5mac,,"iOS 26 has new Home Screen setting for app icons, here’s how to use it",https://9to5mac.com/2026/04/14/ios-26-has-new-home-screen-setting-for-app-icons-heres-how-to-use-it/,2026-04-15 03:48:50
9to5mac,,Apple releases revamped Business app with Apple Vision Pro support,https://9to5mac.com/2026/04/14/apple-releases-revamped-business-app-with-apple-vision-pro-support/,2026-04-15 03:48:50
9to5mac,,Apple Watch getting two new Activity challenges later this month,https://9to5mac.com/2026/04/14/apple-watch-getting-two-new-activity-challenges-later-this-month/,2026-04-15 03:48:50
9to5mac,,AirPods Pro 3: Better today than at launch [Video],https://9to5mac.com/2026/04/14/airpods-pro-3-better-today-than-at-launch-video/,2026-04-15 03:48:50
9to5mac,,This fall’s iPhone 18 launch lineup has one big wildcard remaining,https://9to5mac.com/2026/04/14/this-falls-iphone-18-launch-lineup-has-one-big-wildcard-remaining/,2026-04-15 03:48:50
9to5mac,,"Apple TV users get $2/month Peacock, as bundle expands to new places",https://9to5mac.com/2026/04/14/apple-tv-users-get-2-month-peacock-as-bundle-expands-to-new-places/,2026-04-15 02:04:36
9to5mac,,Google announces ‘Skills’ for Gemini in Chrome to quickly run custom workflows,https://9to5google.com/2026/04/14/gemini-in-chrome-skills/,2026-04-15 02:04:36
9to5mac,,"Apple releases public beta 2 for iPadOS 26.5, tvOS 26.5, and more",https://9to5mac.com/2026/04/14/apple-releases-public-beta-2-for-ipados-26-5-tvos-26-5-and-more/,2026-04-15 02:04:36
9to5mac,,"Anthropic adds ‘repeatable routines’ feature to Claude Code, here’s how it works",https://9to5mac.com/2026/04/14/anthropic-adds-repeatable-routines-feature-to-claude-code-heres-how-it-works/,2026-04-15 02:04:36
9to5mac,,Apple releases iOS 26.5 public beta 2,https://9to5mac.com/2026/04/14/apple-releases-ios-26-5-public-beta-2/,2026-04-15 02:04:36
9to5mac,,"Apple’s huge MacBook Pro overhaul is coming soon, here’s what we know",https://9to5mac.com/2026/04/14/apples-huge-macbook-pro-overhaul-is-coming-soon-heres-what-we-know/,2026-04-15 02:04:36
9to5mac,,Pioneer bringing a premium CarPlay feature to existing cars [U],https://9to5mac.com/2026/04/14/pioneer-bringing-a-premium-carplay-feature-to-existing-cars/,2026-04-15 00:40:36
9to5mac,,"Deals: M5 MacBook Air, iPad $299, Apple Watch Ultra 3, new Satechi 25W MagSafe stand, more",https://9to5mac.com/2026/04/14/deals-m5-macbook-air-ipad-apple-watch-ultra-3/,2026-04-15 00:40:36
9to5mac,,Vision Pro could ramp up live Immersive Video soon as new camera arrives,https://9to5mac.com/2026/04/14/vision-pro-could-ramp-up-live-immersive-video-soon-as-new-camera-arrives/,2026-04-15 00:40:36
9to5mac,,"Apple Wallet keeps getting better, here’s what’s new and coming next",https://9to5mac.com/2026/04/14/apple-wallet-keeps-getting-better-heres-whats-new-and-coming-next/,2026-04-14 23:13:26
9to5mac,,Amazon buying Globalstar; Apple satellite services to use Amazon Leo,https://9to5mac.com/2026/04/14/amazon-buying-globalstar-apple-satellite-services-to-use-amazon-leo/,2026-04-14 21:50:26
9to5mac,,"Analysts believe Apple taking a highly unusual step, may double Mac user base",https://9to5mac.com/2026/04/14/analysts-believe-apple-taking-a-highly-unusual-step-may-double-mac-user-base/,2026-04-14 21:50:26
9to5mac,,Microsoft Surface price hikes the latest reason to buy a MacBook Neo,https://9to5mac.com/2026/04/14/microsoft-surface-price-hikes-the-latest-reason-to-buy-a-macbook-neo/,2026-04-14 19:57:40
9to5mac,,Apple @ Work Podcast: PocketMDM brings Apple Business Manager to your pocket,https://9to5mac.com/2026/04/14/apple-work-podcast-pocketmdm-brings-apple-business-manager-to-your-pocket/,2026-04-14 18:45:30
9to5mac,,Never lose anything again with these Find My accessories,https://9to5mac.com/2026/04/13/best-find-my-accessories/,2026-04-14 10:31:16
9to5mac,,Dope Thief’s Brian Tyree Henry joins upcoming Apple Original Films feature,https://9to5mac.com/2026/04/13/dope-thiefs-brian-tyree-henry-joins-upcoming-apple-original-films-feature/,2026-04-14 10:31:16
9to5mac,,Security Bite Podcast: Atomic Stealer is blurring the line between infostealers and trojans on Mac,https://9to5mac.com/2026/04/13/security-bite-podcast-atomic-stealer-is-blurring-the-line-between-infostealers-and-trojans-on-mac/,2026-04-14 07:41:53
9to5mac,,MagSafe Monday: Is a suction cup the best way to secure your MagSafe desk charger?,https://9to5mac.com/2026/04/13/is-a-suction-cup-the-best-way-to-secure-your-magsafe-desk-charger/,2026-04-14 07:41:53
9to5mac,,iCloud backups targeted in hack-for-hire operation using fake Apple pages,https://9to5mac.com/2026/04/13/icloud-backups-targeted-in-hack-for-hire-operation-using-fake-apple-pages/,2026-04-14 05:51:14
9to5mac,,Apple Japan launches fun new App Store spring campaign with local artists,https://9to5mac.com/2026/04/13/apple-japan-launches-fun-new-app-store-spring-campaign-with-local-artists/,2026-04-14 04:56:09
9to5mac,,Apple TV is about to have three top-tier shows airing all at once,https://9to5mac.com/2026/04/13/apple-tv-is-about-to-have-three-top-tier-shows-airing-all-at-once/,2026-04-14 04:56:09
9to5mac,,iOS 26.4 upgraded one of my most-used Control Center features in a big way,https://9to5mac.com/2026/04/13/ios-26-4-upgraded-one-of-my-most-used-control-center-features-in-a-big-way/,2026-04-14 03:47:30
9to5mac,,iOS 26.5 beta 2 gives Apple Maps a new ads popup,https://9to5mac.com/2026/04/13/ios-26-5-beta-2-gives-apple-maps-a-new-ads-popup/,2026-04-14 03:47:30
9to5mac,,Biggest US airline adds support for iOS 26 boarding passes in Wallet,https://9to5mac.com/2026/04/13/apple-wallet-boarding-passes-american-airlines-ios-26/,2026-04-14 02:01:15
9to5mac,,"iPadOS 26.5 beta 2 now available, plus watchOS 26.5, tvOS 26.5, more",https://9to5mac.com/2026/04/13/ipados-26-5-beta-2-now-available-plus-watchos-26-5-tvos-26-5-more/,2026-04-14 02:01:15
9to5mac,,"Apple releases macOS 26.5 beta 2, here’s what to expect",https://9to5mac.com/2026/04/13/apple-releases-macos-26-5-beta-2-heres-what-to-expect/,2026-04-14 02:01:15
9to5mac,,Apple releases iOS 26.5 beta 2 for iPhone,https://9to5mac.com/2026/04/13/apple-releases-ios-26-5-beta-2-for-iphone/,2026-04-14 02:01:15
9to5mac,,It might be really hard to get an iPhone Fold at launch,https://9to5mac.com/2026/04/13/it-might-be-really-hard-to-get-an-iphone-fold-at-launch/,2026-04-14 02:01:15
9to5mac,,"Apple removes old Pages, Keynote, Numbers apps for macOS",https://9to5mac.com/2026/04/13/apple-removes-old-pages-keynote-numbers-apps-for-macos/,2026-04-14 00:42:42
9to5mac,,"‘Apple Frames’ shortcut gets massive overhaul, new CLI for the Terminal",https://9to5mac.com/2026/04/13/apple-frames-shortcut-gets-massive-overhaul-new-cli-for-the-terminal/,2026-04-14 00:42:42
9to5mac,,"Deals: AirPods Pro 3 $199, all Apple Watch Series 11 models $100 off, M4 MacBook Air clearance up to $300 off, more",https://9to5mac.com/2026/04/13/deals-airpods-pro-3-apple-watch-series-11-macbook-air/,2026-04-14 00:42:42
9to5mac,,AirPods Pro 3 have key upgrade to stop you from losing them,https://9to5mac.com/2026/04/13/airpods-pro-3-have-key-upgrade-to-stop-you-from-losing-them/,2026-04-14 00:42:42
9to5mac,,"9to5Mac Daily: April 13, 2026 – Mac shortages, Apple Glasses rumors",https://9to5mac.com/2026/04/13/daily-april-13-2026/,2026-04-14 00:42:42
9to5mac,,The next MacBook Neo already sounds like a big upgrade for one reason,https://9to5mac.com/2026/04/13/the-next-macbook-neo-already-sounds-like-a-big-upgrade-for-one-reason/,2026-04-13 23:01:49
9to5mac,,Internet Archive’s Wayback Machine under severe threat by publisher blocks,https://9to5mac.com/2026/04/13/internet-archives-wayback-machine-under-severe-threat-by-publisher-blocks/,2026-04-13 23:01:49
9to5mac,,Former AI boss John Giannandrea officially leaving Apple this week after ‘resting and vesting’,https://9to5mac.com/2026/04/13/former-ai-boss-john-giannandrea-officially-leaving-apple-this-week-after-resting-and-vesting/,2026-04-13 21:25:34
9to5mac,,You can create a multicolor MacBook Neo with official Apple parts for just $39,https://9to5mac.com/2026/04/13/you-can-create-a-multicolor-macbook-neo-with-official-apple-parts-for-just-39/,2026-04-13 21:25:34
9to5mac,,Trendforce says hi-tech glue could be key to an invisible crease in the iPhone Ultra,https://9to5mac.com/2026/04/13/trendforce-says-hi-tech-glue-could-be-key-to-an-invisible-crease-in-the-iphone-ultra/,2026-04-13 19:50:14
9to5mac,,"Leaker adds support for red iPhone 18 color rumor, in a slightly weird way",https://9to5mac.com/2026/04/13/leaker-adds-support-for-red-iphone-18-color-rumor-in-a-slightly-weird-way/,2026-04-13 19:50:14
9to5mac,,"Apple Glasses to sport high-end designs using premium materials, at least four styles in testing",https://9to5mac.com/2026/04/12/apple-exploring-four-different-styles-for-its-upcoming-smart-glasses-using-premium-materials/,2026-04-12 23:05:29
9to5mac,,Five refurbished iPhones under $500 that still hold up well in 2026,https://9to5mac.com/2026/04/12/best-renewed-iphone-deals-under-500-refurbished/,2026-04-12 22:09:22
9to5mac,,Hands-on with Belkin’s newest 25W compact MagSafe docks for iPhone and Android users,https://9to5mac.com/2026/04/11/belkin-magsafe-qi2-charging-docks-hubs-25w-hands-on/,2026-04-12 13:23:25
9to5mac,,This accessory lets you play Switch 2 games on your iPad or iMac display at 4K resolution,https://9to5mac.com/2026/04/11/play-switch-2-games-on-imac-hdmi-4k-capture-card/,2026-04-12 10:32:27
9to5mac,,These are the best new MacBook deals right now: April 2026 Buyer’s Guide,https://9to5mac.com/2026/04/11/great-new-macbook-deals-discounts-april-2026/,2026-04-12 07:33:48
9to5mac,,Indie App Spotlight: ‘PackGoat’ intelligently helps you pack for trips in an easy manner,https://9to5mac.com/2026/04/11/indie-app-spotlight-packgoat-trip-planner-tool/,2026-04-12 04:33:04
9to5mac,,Here’s why AirPods Pro 3 are more upgrade worthy than you may think,https://9to5mac.com/2026/04/11/airpods-pro-3-heres-why-you-should-upgrade/,2026-04-12 01:31:31
9to5mac,,"At least for now, Liquid Glass in Pixelmator Pro remains a Creator Studio exclusive",https://9to5mac.com/2026/04/11/pixelmator-pro-liquid-glass-exclusive-to-creator-studio-subscribers/,2026-04-11 23:55:53
9to5mac,,Several Mac mini and Mac Studio configs are now completely out of stock at Apple,https://9to5mac.com/2026/04/11/mac-mini-mac-studio-configs-completely-out-of-stock/,2026-04-11 22:06:42
9to5mac,,Hands-on: SkyDex turns your daily weather check into a Pokémon adventure,https://9to5mac.com/2026/04/11/hands-on-skydex-turns-your-daily-weather-check-into-a-pokemon-adventure/,2026-04-11 21:02:24
9to5mac,,Apple @ Work: How to add an existing Mac to Apple Business Manager without wiping it,https://9to5mac.com/2026/04/11/apple-work-how-to-add-an-existing-mac-to-apple-business-manager-without-wiping-it/,2026-04-11 21:02:24
9to5mac,,App Store fight continues as Apple and Epic clash over court-ordered stay,https://9to5mac.com/2026/04/10/app-store-fight-continues-as-apple-and-epic-clash-over-court-ordered-stay/,2026-04-11 12:33:45
9to5mac,,OpenAI says to update Mac apps including ChatGPT and Codex as security precaution,https://9to5mac.com/2026/04/10/openai-says-to-update-mac-apps-including-chatgpt-and-codex-as-security-precaution/,2026-04-11 12:33:45
9to5mac,,Report: Apple tops global smartphone market for first time in Q1 as overall shipments drop,https://9to5mac.com/2026/04/10/report-apple-tops-global-smartphone-market-for-first-time-in-q1-as-overall-shipments-drop/,2026-04-11 07:35:06
9to5mac,,"Apple previews AI, accessibility, and AirPods Pro 3 research for CHI 2026",https://9to5mac.com/2026/04/10/apple-previews-ai-accessibility-and-airpods-pro-3-research-for-chi-2026/,2026-04-11 06:37:33
9to5mac,,"9to5Mac Daily: April 10, 2026 – Apple Store closures, more",https://9to5mac.com/2026/04/10/daily-april-10-2026/,2026-04-11 05:37:03
9to5mac,,"VSCO report explores how photographers perceive, adopt, and actually use AI",https://9to5mac.com/2026/04/10/vsco-report-explores-how-photographers-perceive-adopt-and-actually-use-ai/,2026-04-11 05:37:03
9to5mac,,"XChat, X’s standalone messaging app, launching on iPhone and iPad next week",https://9to5mac.com/2026/04/10/xchat-xs-standalone-messaging-app-launching-on-iphone-and-ipad-next-week/,2026-04-11 04:37:01
9to5mac,,"Apple TV has three shows with finales this week, here’s what’s ending",https://9to5mac.com/2026/04/10/apple-tv-has-three-shows-with-finales-this-week-heres-whats-ending/,2026-04-11 03:43:41
9to5mac,,iOS 26.4 adds setting to let you change new Liquid Glass effect,https://9to5mac.com/2026/04/10/ios-26-4-adds-setting-to-let-you-change-new-liquid-glass-effect/,2026-04-11 02:52:23
9to5mac,,"iOS 26 adds fun way to customize your iPhone wallpaper, here’s how to use it",https://9to5mac.com/2026/04/10/ios-26-adds-fun-way-to-customize-your-iphone-wallpaper-heres-how-to-use-it/,2026-04-11 01:48:03
9to5mac,,Hands-on: Satechi’s 3-in-1 Qi2 charger brings 25W of power with a clean Apple aesthetic [Video],https://9to5mac.com/2026/04/10/hands-on-satechis-3-in-1-qi2-charger-brings-25w-of-power-with-a-clean-apple-aesthetic-video/,2026-04-11 01:48:03
9to5mac,,Apple TV in-person ‘experience’ coming later this month in LA,https://9to5mac.com/2026/04/10/apple-tv-in-person-experience-coming-later-this-month-in-la/,2026-04-11 00:51:36
9to5mac,,iOS 27 adding new ‘Siri’ app to Home Screen: Here are the rumored features,https://9to5mac.com/2026/04/10/ios-27-adding-new-siri-app-to-home-screen-here-are-the-rumored-features/,2026-04-11 00:51:36
9to5mac,,"Deals: All 15-inch M5 MacBook Air models $150 off, Series 11 $99 off, Nomad leather iPhone 17 cases, more",https://9to5mac.com/2026/04/10/deals-m5-macbook-air-series-11-nomad-leather-cases/,2026-04-10 23:53:34
9to5mac,,"New iPhone Fold leaks cover ‘Ultra’ name, launch timing, more",https://9to5mac.com/2026/04/10/new-iphone-fold-leaks-cover-ultra-name-launch-timing-more/,2026-04-10 23:53:34
9to5mac,,How the Mac changed the way I clear mental clutter,https://9to5mac.com/2026/04/10/macos-26-journal-app-productivity/,2026-04-10 23:53:34
9to5mac,,Car Keys in Apple Wallet coming soon to major new vehicle brand,https://9to5mac.com/2026/04/10/car-keys-in-apple-wallet-coming-soon-to-major-new-vehicle-brand/,2026-04-10 22:34:19
9to5mac,,"Amazon launches ‘Prime Video Ultra’ with new features, higher price",https://9to5mac.com/2026/04/10/amazon-launches-prime-video-ultra-with-new-features-higher-price/,2026-04-10 22:34:19
9to5mac,,YouTube Premium is getting a US price hike of up to $4/month,https://9to5google.com/2026/04/10/youtube-premium-us-price-hike/,2026-04-10 22:34:19
9to5mac,,Tribit StormBox Micro 3: My favorite travel speaker just got better and cheaper,https://9to5mac.com/2026/04/10/tribit-stormbox-micro-3-my-favorite-travel-speaker-just-got-better-and-cheaper/,2026-04-10 19:57:33
9to5mac,,WhatsApp is bringing Status updates to the top of the Chats tab,https://9to5mac.com/2026/04/09/whatsapp-is-bringing-status-updates-to-the-top-of-the-chats-tab/,2026-04-10 13:52:36
9to5mac,,Survival horror game Cronos: The New Dawn coming natively to Apple Silicon Macs,https://9to5mac.com/2026/04/09/survival-horror-game-cronos-the-new-dawn-coming-natively-to-apple-silicon-macs/,2026-04-10 11:51:11
9to5mac,,Report: Apple saw 9% growth in Mac shipments during Q1 2026,https://9to5mac.com/2026/04/09/report-apple-saw-9-growth-in-mac-shipments-during-q1-2026/,2026-04-10 11:51:11
9to5mac,,Adobe’s low-processing camera app expands support to select iPads and the iPhone 17e,https://9to5mac.com/2026/04/09/adobes-low-processing-camera-app-expands-support-to-select-ipads-and-the-iphone-17e/,2026-04-10 11:51:11
9to5mac,,New Apple TV movie starring Keanu Reeves now available to stream,https://9to5mac.com/2026/04/09/new-apple-tv-movie-starring-keanu-reeves-now-available-to-stream/,2026-04-10 11:51:11
9to5mac,,FBI used iPhone notification data to retrieve deleted Signal messages,https://9to5mac.com/2026/04/09/fbi-used-iphone-notification-data-to-retrieve-deleted-signal-messages/,2026-04-10 08:01:28
9to5mac,,Apple collector showcases 50 years of Mac startup sounds [Video],https://9to5mac.com/2026/04/09/apple-collector-showcases-50-years-of-mac-startup-sounds-video/,2026-04-10 06:06:03
9to5mac,,Researchers detail how a prompt injection attack bypassed Apple Intelligence protections,https://9to5mac.com/2026/04/09/researchers-detail-how-a-prompt-injection-attack-bypassed-apple-intelligence-protections/,2026-04-10 05:09:27
9to5mac,,"iPhone Fold visualized, HomeKit Adaptive Temperature, MacBook Neo shortages",https://9to5mac.com/2026/04/09/happy-hour-585/,2026-04-10 05:09:27
9to5mac,,iOS 26’s Messages app got a big upgrade for an essential feature,https://9to5mac.com/2026/04/09/ios-26s-messages-app-got-a-big-upgrade-for-an-essential-feature/,2026-04-10 03:06:30
9to5mac,,"OpenAI introduces $100/month Pro plan aimed at Codex users, here’s what it includes",https://9to5mac.com/2026/04/09/openai-introduces-100-month-pro-plan-aimed-at-codex-users-heres-what-it-includes/,2026-04-10 03:06:30
9to5mac,,Instagram now lets you edit your comments after posting,https://9to5mac.com/2026/04/09/instagram-now-lets-you-edit-your-comments-after-posting/,2026-04-10 03:06:30
9to5mac,,"Apple updates Creator Studio apps including Logic Pro and Pixelmator Pro, more",https://9to5mac.com/2026/04/09/apple-updates-creator-studio-apps-including-logic-pro-and-pixelmator-pro-more/,2026-04-10 01:37:08
9to5mac,,"Apple releases macOS 26.4.1 software update, details here",https://9to5mac.com/2026/04/09/apple-releases-macos-26-4-1-software-update-details-here/,2026-04-10 01:37:08
9to5mac,,Apple TV just added two exciting new series to future lineup,https://9to5mac.com/2026/04/09/apple-tv-just-added-two-exciting-new-series-to-future-lineup/,2026-04-10 01:37:08
9to5mac,,"Apple permanently closing three US stores, here’s why",https://9to5mac.com/2026/04/09/apple-announces-permanent-closure-of-three-us-retail-stores/,2026-04-10 01:37:08
9to5mac,,Anthropic scales up with enterprise features for Claude Cowork and Managed Agents,https://9to5mac.com/2026/04/09/anthropic-scales-up-with-enterprise-features-for-claude-cowork-and-managed-agents/,2026-04-10 01:37:08
9to5mac,,"9to5Mac Daily: April 9, 2026 – iOS 26.4.1 released, more",https://9to5mac.com/2026/04/09/daily-april-9-2026/,2026-04-10 00:01:27
9to5mac,,Apple Card’s transition to Chase: Here’s what’s not changing (and might be),https://9to5mac.com/2026/04/09/apple-cards-transition-to-chase-heres-whats-not-changing-and-might-be/,2026-04-10 00:01:27
9to5mac,,"Deals: 1TB M5 MacBook Air $150 off, Apple Thunderbolt 5 cables up to 48% off, Magic Keyboard Amazon low, more",https://9to5mac.com/2026/04/09/deals-1tb-m5-macbook-air-apple-thunderbolt-5-cables/,2026-04-10 00:01:27
9to5mac,,Leaker gives iPhone 18 Pro updates on two design changes,https://9to5mac.com/2026/04/09/leaker-gives-iphone-18-pro-updates-on-two-design-changes/,2026-04-10 00:01:27
9to5mac,,Spotify’s newest feature lets you focus on audio without distractions,https://9to5mac.com/2026/04/09/spotifys-newest-feature-lets-you-focus-on-audio-without-distractions/,2026-04-09 22:04:48
9to5mac,,DIY MacBook Neo upgrade can boost the SSD to 1TB using iPhone parts,https://9to5mac.com/2026/04/09/diy-macbook-neo-upgrade-can-boost-the-ssd-to-1tb-using-iphone-parts/,2026-04-09 22:04:48
9to5mac,,Ex-Apple engineers create an AI button that looks like an iPod Shuffle – but can’t explain why,https://9to5mac.com/2026/04/09/ex-apple-engineers-create-an-ai-button-that-looks-like-an-ipod-shuffle-but-cant-explain-why/,2026-04-09 19:59:02
9to5mac,,"iPhone Fold unboxing video is a fake, not the real thing",https://9to5mac.com/2026/04/09/iphone-fold-unboxing-video-is-a-fake-not-the-real-thing/,2026-04-09 19:59:02
9to5mac,,Apple seeks internal data from Samsung in South Korea in ongoing antitrust case,https://9to5mac.com/2026/04/08/apple-seeks-internal-data-from-samsung-in-south-korea-in-ongoing-antitrust-case/,2026-04-09 07:59:44
9to5mac,,Stolen Device Protection now enabled by default for enterprise devices in iOS 26.4.1,https://9to5mac.com/2026/04/08/stolen-device-protection-now-enabled-by-default-for-enterprise-devices-in-ios-26-4-1/,2026-04-09 07:59:44
9to5mac,,Europe’s largest Apple museum opens to the public in the Netherlands,https://9to5mac.com/2026/04/08/europes-largest-apple-museum-opens-to-the-public-in-the-netherlands/,2026-04-09 07:08:00
9to5mac,,"You can now buy official repair parts for MacBook Neo, iPhone 17e, Studio Display XDR, more",https://9to5mac.com/2026/04/08/you-can-now-buy-official-repair-parts-for-macbook-neo-iphone-17e-studio-display-xdr-more/,2026-04-09 05:13:37
9to5mac,,"iOS 26.4.1 fixes iPhone bug that stopped iCloud data from syncing, including Apple Passwords",https://9to5mac.com/2026/04/08/iphone-icloud-sync-bug-apple-passwords-fixed/,2026-04-09 05:13:37
9to5mac,,iPadOS 26.4 adds convenient new feature for iPad power users,https://9to5mac.com/2026/04/08/ipados-26-4-adds-convenient-new-feature-for-ipad-power-users/,2026-04-09 05:13:37
9to5mac,,"iOS 26.4.1 now available for iPhone users, here’s what’s fixed",https://9to5mac.com/2026/04/08/ios-26-4-1-now-available-for-iphone-users/,2026-04-09 05:13:37
9to5mac,,Discounted M5 MacBook Pro hits Apple refurb store with key storage distinction [U],https://9to5mac.com/2026/04/08/discounted-m5-macbook-pro-hits-apple-refurb-store-with-key-storage-distinction/,2026-04-09 05:13:37
9to5mac,,"iOS 26.5: New features, release date, more",https://9to5mac.com/2026/04/08/ios-26-5-new-iphone-features/,2026-04-09 04:08:20
9to5mac,,Report: iPhones accounted for half of the top 10 best-selling smartphones in Q4 2025,https://9to5mac.com/2026/04/08/report-iphones-accounted-for-half-of-the-top-10-best-selling-smartphones-in-q4-2025/,2026-04-09 04:08:20
9to5mac,,"ChatGPT just added its first streaming video app, here’s what it can do",https://9to5mac.com/2026/04/08/chatgpt-just-added-its-first-streaming-video-app-heres-what-it-can-do/,2026-04-09 04:08:20
9to5mac,,iPhone 18 Pro’s rumored camera feature could prove that less is more,https://9to5mac.com/2026/04/08/iphone-18-pros-rumored-camera-feature-could-prove-that-less-is-more/,2026-04-09 04:08:20
9to5mac,,Overcast launches podcast transcripts in new app update for iPhone,https://9to5mac.com/2026/04/08/overcast-launches-podcast-transcripts-in-new-app-update-for-iphone/,2026-04-09 03:15:17
9to5mac,,Day One journaling app introduces ‘Gold’ plan with AI summaries and Daily Chat,https://9to5mac.com/2026/04/08/day-one-journaling-app-introduces-gold-plan-with-ai-summaries-and-daily-chat/,2026-04-09 03:15:17
9to5mac,,Amazon says these 13 Kindle devices won’t be able to get new books soon,https://9to5mac.com/2026/04/08/amazon-says-these-13-kindle-devices-wont-be-able-to-download-books-soon/,2026-04-09 03:15:17
9to5mac,,"CarPlay in iOS 26 has my top new Apple Music feature, here’s how to use it",https://9to5mac.com/2026/04/08/carplay-in-ios-26-has-my-top-new-apple-music-feature-heres-how-to-use-it/,2026-04-09 01:40:27
9to5mac,,"So long, Llama: Meta unveils Muse Spark AI with Contemplating mode and health focus",https://9to5mac.com/2026/04/08/goodbye-llama-meta-unveils-muse-spark-ai-with-new-contemplating-mode/,2026-04-09 01:40:27
9to5mac,,Astropad unveils Workbench for Mac: ‘Remote desktop made for the AI era’,https://9to5mac.com/2026/04/08/astropad-unveils-workbench-for-mac-remote-desktop-made-for-the-ai-era/,2026-04-09 01:40:27
9to5mac,,"Shrinking creator explains finale ending, confirms season 4 cast and time jump",https://9to5mac.com/2026/04/08/shrinking-creator-explains-finale-ending-confirms-season-4-cast-and-time-jump/,2026-04-09 00:14:29
9to5mac,,"Deals: 24GB M5 MacBook Air all-time low $150 off, 16-inch M5 Pro MacBook $199 off, black Apple USB-C cables, more",https://9to5mac.com/2026/04/08/deals-m5-macbook-air-16-inch-m5-pro-macbook-cables/,2026-04-09 00:14:29
9to5mac,,"Car Keys in Wallet recently launched for two major vehicle brands, with more soon",https://9to5mac.com/2026/04/08/car-keys-in-wallet-recently-launched-for-two-major-vehicle-brands-with-more-soon/,2026-04-09 00:14:29
9to5mac,,"9to5Mac Daily: April 8, 2026 – New CarPlay apps, iPhone Fold reports",https://9to5mac.com/2026/04/08/daily-april-8-2026/,2026-04-09 00:14:29
9to5mac,,iPhones on space missions are as valuable as they are fun,https://9to5mac.com/2026/04/08/iphones-on-space-missions-are-as-valuable-as-they-are-fun/,2026-04-08 22:53:21
9to5mac,,Insta360 jumps on the rear iPhone screen trend with its new Snap monitor,https://9to5mac.com/2026/04/08/insta360-jumps-on-the-rear-iphone-screen-trend-with-its-new-snap-monitor/,2026-04-08 22:53:21
9to5mac,,Apple TV unveils return of acclaimed London crime thriller,https://9to5mac.com/2026/04/08/apple-tv-unveils-return-of-acclaimed-london-crime-thriller/,2026-04-08 22:53:21
9to5mac,,"Apple very cautious about iPhone Ultra sales, as Samsung wins major concession",https://9to5mac.com/2026/04/08/apple-very-cautious-about-iphone-ultra-sales-as-samsung-wins-major-concession/,2026-04-08 21:19:59
9to5mac,,FBI says cyber fraud cost Americans $21B last year – here’s what you need to know,https://9to5mac.com/2026/04/08/fbi-says-cyber-fraud-cost-americans-21b-last-year-heres-what-you-need-to-know/,2026-04-08 21:19:59
9to5mac,,Apple gets bottom ranking for repairability of iPhones and MacBooks – with one exception,https://9to5mac.com/2026/04/08/apple-gets-bottom-ranking-for-repairability-of-iphones-and-macbooks-with-one-exception/,2026-04-08 19:30:44
9to5mac,,WhatsApp’s improved CarPlay experience is now available to all iPhone users,https://9to5mac.com/2026/04/07/whatsapps-improved-carplay-experience-is-now-available-to-all-iphone-users/,2026-04-08 16:42:15
9to5mac,,9to5Mac Overtime 066: Every time I breathe there’s a new Claude update,https://9to5mac.com/2026/04/07/9to5mac-overtime-066-every-time-i-breathe-theres-a-new-claude-update/,2026-04-08 16:42:15
9to5mac,,watchOS 26.4 fixes a major Apple Watch Workout app complaint,https://9to5mac.com/2026/04/07/watchos-26-4-fixes-a-major-apple-watch-workout-app-complaint/,2026-04-08 16:42:15
9to5mac,,Apple Arcade could use an ‘always allow’ feature that’s separate from App Store,https://9to5mac.com/2026/04/07/apple-arcade-could-use-an-always-allow-feature-thats-separate-from-app-store/,2026-04-08 16:42:15
9to5mac,,Apple TV: Six-part Vietnam docuseries picks up 3 News & Documentary Emmy nominations,https://9to5mac.com/2026/04/07/apple-tv-six-part-vietnam-docuseries-picks-up-3-news-documentary-emmy-nominations/,2026-04-08 16:42:15
9to5mac,,"9to5Mac Daily: April 7, 2026 – Apple’s MacBook Neo quandary",https://9to5mac.com/2026/04/07/daily-april-7-2026/,2026-04-08 16:42:15
9to5mac,,Apple study details an AI-powered tool that helps developers build interface prototypes,https://9to5mac.com/2026/04/07/apple-study-details-an-ai-powered-tool-that-helps-developers-build-interface-prototypes/,2026-04-08 16:42:15
9to5mac,,M5 MacBook Air is no longer Apple’s entry point so who is it for now? [Video],https://9to5mac.com/2026/04/07/m5-macbook-air-is-no-longer-apples-entry-point-so-who-is-it-for-now-video/,2026-04-08 16:42:15
9to5mac,,"iOS 26 added my favorite new iPhone ringtone, listen here",https://9to5mac.com/2026/04/07/ios-26-added-my-favorite-new-iphone-ringtone-listen-here/,2026-04-08 16:42:15
9to5mac,,Studio Display XDR medical imaging feature gets FDA clearance [U: Now available],https://9to5mac.com/2026/04/07/studio-display-xdr-medical-imaging-feature-fda-clearance/,2026-04-08 16:42:15
9to5mac,,The best CarPlay tips and tricks,https://9to5mac.com/2026/04/07/best-carplay-features-tips/,2026-04-08 16:42:15
9to5mac,,"Anthropic unveils powerful Mythos AI model, working with Apple in cybersecurity initiative",https://9to5mac.com/2026/04/07/anthropic-unveils-powerful-mythos-ai-model-working-with-apple-in-cybersecurity-initiative/,2026-04-08 16:42:15
9to5mac,,This clever Shortcut lets you download latest Artemis II images directly from NASA [U: updated shortcut],https://9to5mac.com/2026/04/07/this-clever-shortcut-lets-you-download-hi-res-artemis-ii-images-directly-from-nasa/,2026-04-08 16:42:15
9to5mac,,"Vision Pro is about to get Steam Link app for gaming, download beta here",https://9to5mac.com/2026/04/07/vision-pro-is-about-to-get-steam-link-app-for-gaming-download-beta-here/,2026-04-08 16:42:15
9to5mac,,"iPhone Fold is ‘on track’ to launch this September, per Mark Gurman",https://9to5mac.com/2026/04/07/iphone-fold-is-on-track-to-launch-this-september-per-mark-gurman/,2026-04-08 16:42:15
9to5mac,,"New video reveals iPhone 18 Pro Max, iPhone Fold dummy models",https://9to5mac.com/2026/04/07/new-video-reveals-iphone-18-pro-max-iphone-fold-dummy-models/,2026-04-08 16:42:15
9to5mac,,Google Chrome rolling out vertical tabs and fullscreen reading mode,https://9to5google.com/2026/04/07/google-chrome-vertical-tabs/,2026-04-08 16:42:15
9to5mac,,iOS 27 release date: Here’s when the next major iPhone update is coming,https://9to5mac.com/2026/04/07/ios-27-release-date-when-next-major-iphone-update-is-coming/,2026-04-08 16:42:15
9to5mac,,"Deals: 16GB M5 MacBook Air $150 off, Apple Watch Ultra 3 $99 off, 24GB M5 MacBook Pro, Magic Mouse, more",https://9to5mac.com/2026/04/07/deals-m5-macbook-air-apple-watch-ultra-3-magic-mouse/,2026-04-08 16:42:15
9to5mac,,"MacBook Neo facing 3-week delays at Apple, here’s how to buy one sooner",https://9to5mac.com/2026/04/07/macbook-neo-facing-3-week-delays-at-apple-heres-how-to-buy-one-sooner/,2026-04-08 16:42:15
9to5mac,,Mint Mobile launches $45/month bundle for wireless and home internet,https://9to5mac.com/2026/04/07/mint-mobile-launches-45-month-bundle-for-wireless-and-home-internet/,2026-04-08 16:42:15
9to5mac,,"Apple Arcade’s May lineup adding 4 ad-free games, including ‘Good Pizza, Great Pizza+’",https://9to5mac.com/2026/04/07/apple-arcades-may-lineup-adding-4-ad-free-games-including-good-pizza-great-pizza/,2026-04-08 16:42:15
9to5mac,,Dark Matter season 2 gets release date on Apple TV,https://9to5mac.com/2026/04/07/dark-matter-season-2-gets-release-date-on-apple-tv/,2026-04-08 16:42:15
9to5mac,,Apple faces supply chain problem as MacBook Neo demand exceeds expectations,https://9to5mac.com/2026/04/07/apple-faces-supply-chain-problem-as-macbook-neo-demand-exceeds-expectations/,2026-04-08 16:42:15
9to5mac,,"‘iPhone Ultra’ is the likely name of Apple’s foldable, says leaker",https://9to5mac.com/2026/04/07/iphone-ultra-is-the-likely-name-of-apples-foldable-says-leaker/,2026-04-08 16:42:15
9to5mac,,Spotify Prompted Playlists now work for podcasts as well as music,https://9to5mac.com/2026/04/07/spotify-prompted-playlists-now-work-for-podcasts-as-well-as-music/,2026-04-08 16:42:15
9to5mac,,Aqara releases new Thermostat Hub W200 with Apple Adaptive Temperature support,https://9to5mac.com/2026/04/07/aqara-w200/,2026-04-08 16:42:15
9to5mac,,Adobe takes on NotebookLM with Acrobat Student Spaces,https://9to5mac.com/2026/04/07/adobe-takes-on-notebooklm-with-acrobat-student-spaces/,2026-04-08 16:42:15
9to5mac,,More threats to Apple’s chipmaker through attempted theft of TSMC technology,https://9to5mac.com/2026/04/07/more-threats-to-apples-chipmaker-through-attempted-theft-of-tsmc-technology/,2026-04-08 16:42:15
9to5mac,,An inside look at the ‘fiasco’ of the Vision Pro launch in Apple stores,https://9to5mac.com/2026/04/07/an-inside-look-at-the-fiasco-of-the-vision-pro-launch-in-apple-stores/,2026-04-08 16:42:15
9to5mac,,iPhone Fold launch could be delayed into 2027 after reported engineering problems,https://9to5mac.com/2026/04/07/iphone-fold-launch-could-be-delayed-into-2027-after-reported-engineering-problems/,2026-04-08 16:42:15
9to5mac,,iPhone Fold dimensions: Here’s how the foldable iPhone sizes up next to the iPhone 18 Pro,https://9to5mac.com/2026/04/07/iphone-fold-foldable-size-dimensions/,2026-04-08 16:42:15
9to5mac,,Apple @ Work Podcast: Apple means Business,https://9to5mac.com/2026/04/07/apple-means-business/,2026-04-08 16:42:15
9to5mac,,Moonshot on iPhone: Astronaut Reid Wiseman snaps unbelievable photo of the lunar surface,https://9to5mac.com/2026/04/06/moonshot-on-iphone-astronaut-reid-wiseman-snaps-unbelievable-photo-of-the-lunar-surface/,2026-04-08 16:42:15
9to5mac,,9to5Rewards Giveaway: MacBook Pro and BenQ 4K Nano Gloss Monitor,https://9to5mac.com/2026/04/06/9to5rewards-giveaway-macbook-pro-and-benq-4k-nano-gloss-monitor/,2026-04-08 16:42:15
9to5mac,,"9to5Mac Daily: April 6, 2026 – Mac Studio delays, iPhones in space",https://9to5mac.com/2026/04/06/daily-april-6-2026/,2026-04-08 16:42:15
9to5mac,,Proposed class action accuses Apple of scraping millions of YouTube videos for AI training,https://9to5mac.com/2026/04/06/proposed-class-action-accuses-apple-of-scraping-millions-of-youtube-videos-for-ai-training/,2026-04-08 16:42:15
9to5mac,,Apple pulls Jack Dorsey’s messaging app from the Chinese App Store,https://9to5mac.com/2026/04/06/apple-pulls-jack-dorseys-messaging-app-from-the-chinese-app-store/,2026-04-08 16:42:15
9to5mac,,Apple gears up for another Supreme Court round in Epic Games saga [Update],https://9to5mac.com/2026/04/06/apple-gears-up-for-another-supreme-court-round-in-epic-games-saga/,2026-04-08 16:42:15
9to5mac,,iOS 26.4 adds four iPhone features that I’ve been loving,https://9to5mac.com/2026/04/06/ios-26-4-is-coming-here-are-my-four-favorite-new-features/,2026-04-08 16:42:15
9to5mac,,App Store sees 84% surge in new apps as AI coding tools take off,https://9to5mac.com/2026/04/06/app-store-sees-84-surge-in-new-apps-as-ai-coding-tools-take-off/,2026-04-08 16:42:15
9to5mac,,This tiny new MagSafe e-reader attaches directly to your iPhone,https://9to5mac.com/2026/04/06/this-tiny-new-magsafe-e-reader-attaches-directly-to-your-iphone/,2026-04-08 16:42:15
9to5mac,,MagSafe Monday: UGREEN 2-in-1 Qi2 foldable charging station review,https://9to5mac.com/2026/04/06/magsafe-monday-ugreen-2-in-1-qi2-foldable-charging-station-review/,2026-04-08 16:42:15
9to5mac,,Returning to iOS 18 after using iOS 26 might surprise you,https://9to5mac.com/2026/04/06/returning-to-ios-18-after-using-ios-26-might-surprise-you/,2026-04-08 16:42:15
9to5mac,,Apple prepping iOS 26.4.1 update for iPhone,https://9to5mac.com/2026/04/06/apple-prepping-ios-26-4-1-update-for-iphone/,2026-04-08 16:42:15
9to5mac,,"Netflix now includes an iPhone and iPad games app for kids, here’s what it includes",https://9to5mac.com/2026/04/06/netflix-now-includes-an-iphone-and-ipad-games-app-for-kids-heres-what-it-includes/,2026-04-08 16:42:15
9to5mac,,Apple showcases apps using Liquid Glass in new developer gallery,https://9to5mac.com/2026/04/06/apple-showcases-apps-using-liquid-glass-in-new-developer-gallery/,2026-04-08 16:42:15
9to5mac,,"‘Google AI Edge Eloquent’ is an offline, subscription-less voice dictation app",https://9to5google.com/2026/04/06/google-ai-edge-eloquent-app/,2026-04-08 16:42:15
9to5mac,,iPhone 17 Pro Max isn’t the only Apple product being used in space recently,https://9to5mac.com/2026/04/06/airpods-in-space/,2026-04-08 16:42:15
9to5mac,,AirPods Max 2 vs Pro 3: Which should you actually buy?,https://9to5mac.com/2026/04/06/airpods-max-2-vs-pro-3-which-should-you-actually-buy/,2026-04-08 16:42:15
